INSERT INTO USERS(firstname,lastname,email,contact_number,password) VALUES('Upgrad','SDE','sde@upgrad.com','1111111111','95070049B59AFCD5A10135A810B10BBA9FC010028AA64C6574DDE85F6DC6008D');

INSERT INTO STATES(state_name) VALUES('Andaman and Nicobar Islands');
INSERT INTO STATES(state_name) VALUES('Andhra Pradesh');
INSERT INTO STATES(state_name) VALUES('Arunachal Pradesh');
INSERT INTO STATES(state_name) VALUES('Assam');
INSERT INTO STATES(state_name) VALUES('Bihar');
INSERT INTO STATES(state_name) VALUES('Chandigarh');
INSERT INTO STATES(state_name) VALUES('Chhattisgarh');
INSERT INTO STATES(state_name) VALUES('Dadar and Nagar Haveli');
INSERT INTO STATES(state_name) VALUES('Daman and Diu');
INSERT INTO STATES(state_name) VALUES('Delhi');
INSERT INTO STATES(state_name) VALUES('Goa');
INSERT INTO STATES(state_name) VALUES('Gujarat');
INSERT INTO STATES(state_name) VALUES('Haryana');
INSERT INTO STATES(state_name) VALUES('Himachal Pradesh');
INSERT INTO STATES(state_name) VALUES('Jammu and Kashmir');
INSERT INTO STATES(state_name) VALUES('Jharkhand');
INSERT INTO STATES(state_name) VALUES('Karnataka');
INSERT INTO STATES(state_name) VALUES('Kerala');
INSERT INTO STATES(state_name) VALUES('Lakshadweep');
INSERT INTO STATES(state_name) VALUES('Madhya Pradesh');
INSERT INTO STATES(state_name) VALUES('Maharashtra');
INSERT INTO STATES(state_name) VALUES('Manipur');
INSERT INTO STATES(state_name) VALUES('Meghalaya');
INSERT INTO STATES(state_name) VALUES('Mizoram');
INSERT INTO STATES(state_name) VALUES('Nagaland');
INSERT INTO STATES(state_name) VALUES('Odisha');
INSERT INTO STATES(state_name) VALUES('Puducherry');
INSERT INTO STATES(state_name) VALUES('Punjab');
INSERT INTO STATES(state_name) VALUES('Rajasthan');
INSERT INTO STATES(state_name) VALUES('Sikkim');
INSERT INTO STATES(state_name) VALUES('Tamil Nadu');
INSERT INTO STATES(state_name) VALUES('Telangana');
INSERT INTO STATES(state_name) VALUES('Tripura');
INSERT INTO STATES(state_name) VALUES('Uttar Pradesh');
INSERT INTO STATES(state_name) VALUES('Uttarakhand');
INSERT INTO STATES(state_name) VALUES('West Bengal');

INSERT INTO ADDRESS(flat_buil_number,locality,city,zipcode,state_id) VALUES('Dr. B A Marg, Opposite Rani Baug, Byculla East','Byculla','Mumbai','400018',21);
INSERT INTO ADDRESS(flat_buil_number,locality,city,zipcode,state_id) VALUES('C18, Dreamworks, Dalia Estate','Veera Desai Area','Mumbai','400011',21);
INSERT INTO ADDRESS(flat_buil_number,locality,city,zipcode,state_id) VALUES('Godrej BKC, Unit 3, Plot C - 68, G Block, Bandra Kurla Complex','Bandra Kurla Complex','Mumbai','400112',21);
INSERT INTO ADDRESS(flat_buil_number,locality,city,zipcode,state_id) VALUES('4th & 5th floor, Rohan Plaza','Khar','Mumbai','400052',21);
INSERT INTO ADDRESS(flat_buil_number,locality,city,zipcode,state_id) VALUES('House 101, Opposite Vijay Sales','Chembur','Mumbai','400092',21);
INSERT INTO ADDRESS(flat_buil_number,locality,city,zipcode,state_id) VALUES('K Star Hotel, Plot 46 & 55','CBD-Belapur','Navi Mumbai','400102',21);
INSERT INTO ADDRESS(flat_buil_number,locality,city,zipcode,state_id) VALUES('Floor 1, Jalaram Commercial Centre','Sakinaka','Mumbai','400072',21);
INSERT INTO ADDRESS(flat_buil_number,locality,city,zipcode,state_id) VALUES('The Unicontental, 3rd Road','Khar','Mumbai','400058',21);
INSERT INTO ADDRESS(flat_buil_number,locality,city,zipcode,state_id) VALUES('Nishuvi, Ground Floor, 75','Dr. Annie Besant Rd, Worli','Mumbai','400018',21);
INSERT INTO ADDRESS(flat_buil_number,locality,city,zipcode,state_id) VALUES('#546','Amarjyothi Layout, H.B.C.S. Domlur','Bengaluru','560071',17);
INSERT INTO ADDRESS(flat_buil_number,locality,city,zipcode,state_id) VALUES('1st Floor, Akshaya Arcade, Plot No.5','Phase II, Kavuri Hills, Amar Society, Madhapur','Hyderabad','500033',32);
INSERT INTO ADDRESS(flat_buil_number,locality,city,zipcode,state_id) VALUES('26/C','Hosur Rd, Electronics City Phase 1, Electronic City','Bengaluru','560100',17);


INSERT INTO RESTAURANT(restaurant_name,photo_url,user_rating,average_price_for_two,number_of_users_rated,address_id) VALUES('Gateway Taproom','https://b.zmtcdn.com/data/pictures/0/18564740/686000d2b5cfebfad3300f313eaae79c.jpg?output-format=webp',4.7,2200,714,3);
INSERT INTO RESTAURANT(restaurant_name,photo_url,user_rating,average_price_for_two,number_of_users_rated,address_id) VALUES('Lion Heart','https://b.zmtcdn.com/data/res_imagery/18432402_RESTAURANT_f755bf0b6a6ee7aca44d7ddffd464b7e.jpg',4.5,1200,562,1);
INSERT INTO RESTAURANT(restaurant_name,photo_url,user_rating,average_price_for_two,number_of_users_rated,address_id) VALUES('Rikē - Terrace Bar & Grill','https://b.zmtcdn.com/data/pictures/0/18600990/249d197cb4d6537d5560d0a74c9fa4ce.jpg',4.2,1800,2002,2);
INSERT INTO RESTAURANT(restaurant_name,photo_url,user_rating,average_price_for_two,number_of_users_rated,address_id) VALUES('Raasta','https://b.zmtcdn.com/data/res_imagery/18354546_RESTAURANT_c7eaf3dcf52bc4034e59767f01a73472.jpg',3.6,1500,2848,4);
INSERT INTO RESTAURANT(restaurant_name,photo_url,user_rating,average_price_for_two,number_of_users_rated,address_id) VALUES('Splitsvilla Bar & Lounge','https://b.zmtcdn.com/data/pictures/9/18634739/6d62975f9bb88caec207ef0c1f570f81.jpg?output-format=webp',4.0,1000,848,5);
INSERT INTO RESTAURANT(restaurant_name,photo_url,user_rating,average_price_for_two,number_of_users_rated,address_id) VALUES('Loud Silence','https://b.zmtcdn.com/data/reviews_photos/94a/be67cc20a6ab663f95330e5af6afb94a_1521359398.jpg',4.4,600,658,6);
INSERT INTO RESTAURANT(restaurant_name,photo_url,user_rating,average_price_for_two,number_of_users_rated,address_id) VALUES('Oozo','https://b.zmtcdn.com/data/pictures/4/18528394/6c3590212b3700b1b160422fd8478287.jpg?output-format=webp',3.2,2500,298,7);
INSERT INTO RESTAURANT(restaurant_name,photo_url,user_rating,average_price_for_two,number_of_users_rated,address_id) VALUES('3 Wise Monkeys','https://b.zmtcdn.com/data/res_imagery/42597_RESTAURANT_obp1.jpg',4.9,1100,28,8);


INSERT INTO ITEM(item_name,price,type) VALUES('pizza',200,'Non-Veg');
INSERT INTO ITEM(item_name,price,type) VALUES('pizza',300,'Veg');
INSERT INTO ITEM(item_name,price,type) VALUES('kabab',300,'Non-Veg');
INSERT INTO ITEM(item_name,price,type) VALUES('chapati',20,'Veg');
INSERT INTO ITEM(item_name,price,type) VALUES('chiken burger',100,'Non-Veg');
INSERT INTO ITEM(item_name,price,type) VALUES('tea',20,'Veg');
INSERT INTO ITEM(item_name,price,type) VALUES('coffee',50,'Veg');
INSERT INTO ITEM(item_name,price,type) VALUES('hot chocolate',250,'Veg');
INSERT INTO ITEM(item_name,price,type) VALUES('vanilla icecream',230,'Veg');
INSERT INTO ITEM(item_name,price,type) VALUES('chocolate icecream',240,'Veg');
INSERT INTO ITEM(item_name,price,type) VALUES('coke',100,'Veg');
INSERT INTO ITEM(item_name,price,type) VALUES('brownie',100,'Veg');
INSERT INTO ITEM(item_name,price,type) VALUES('pastry',210,'Veg');
INSERT INTO ITEM(item_name,price,type) VALUES('pasta',270,'Veg');
INSERT INTO ITEM(item_name,price,type) VALUES('macroni',130,'Veg');
INSERT INTO ITEM(item_name,price,type) VALUES('coke',190,'Veg');
INSERT INTO ITEM(item_name,price,type) VALUES('naan',30,'Veg');
INSERT INTO ITEM(item_name,price,type) VALUES('chicken chillie',300,'Non-Veg');
INSERT INTO ITEM(item_name,price,type) VALUES('coke',40,'Veg');
INSERT INTO ITEM(item_name,price,type) VALUES('paratha',500,'Non-Veg');
INSERT INTO ITEM(item_name,price,type) VALUES('matar paneer',270,'Veg');
INSERT INTO ITEM(item_name,price,type) VALUES('chillie paneer',280,'Veg');
INSERT INTO ITEM(item_name,price,type) VALUES('butter paneer',190,'Veg');
INSERT INTO ITEM(item_name,price,type) VALUES('chole bhathure',180,'Veg');
INSERT INTO ITEM(item_name,price,type) VALUES('chillie chowmine',210,'Non-Veg');
INSERT INTO ITEM(item_name,price,type) VALUES('hakka noodles',204,'Non-Veg');
INSERT INTO ITEM(item_name,price,type) VALUES('fried rice',206,'Veg');
INSERT INTO ITEM(item_name,price,type) VALUES('chicken rice',209,'Non-Veg');
INSERT INTO ITEM(item_name,price,type) VALUES('veg biryani',203,'Veg');
INSERT INTO ITEM(item_name,price,type) VALUES('chicken biryani',245,'Non-Veg');
INSERT INTO ITEM(item_name,price,type) VALUES('pasta',270,'Veg');
INSERT INTO ITEM(item_name,price,type) VALUES('3 chicken wings',250,'Non-Veg');
INSERT INTO ITEM(item_name,price,type) VALUES('Chicken Roll',150,'Non-Veg');
INSERT INTO ITEM(item_name,price,type) VALUES('Spicy Mixed Olives',300,'Veg');
INSERT INTO ITEM(item_name,price,type) VALUES('Hummus with PERI-PERI Drizzle',140,'Veg');
INSERT INTO ITEM(item_name,price,type) VALUES('Red Pepper Dip',50,'Veg');
INSERT INTO ITEM(item_name,price,type) VALUES('Corn-On-The-Cob',270,'Veg');
INSERT INTO ITEM(item_name,price,type) VALUES('Peri-peri chicken',280,'Non-Veg');
INSERT INTO ITEM(item_name,price,type) VALUES('Wing Roulette',190,'Non-Veg');
INSERT INTO ITEM(item_name,price,type) VALUES('Chicken Butterfly',180,'Non-Veg');
INSERT INTO ITEM(item_name,price,type) VALUES('Espetada',210,'Non-Veg');
INSERT INTO ITEM(item_name,price,type) VALUES('Espetada Carnival',204,'Non-Veg');
INSERT INTO ITEM(item_name,price,type) VALUES('Spicy Rice',206,'Veg');
INSERT INTO ITEM(item_name,price,type) VALUES('Grilled Chicken Tenders',209,'Non-Veg');
INSERT INTO ITEM(item_name,price,type) VALUES('Grilled Veg',203,'Veg');
INSERT INTO ITEM(item_name,price,type) VALUES('Portuguese Salad',245,'Veg');
INSERT INTO ITEM(item_name,price,type) VALUES('Mediterranean Salad',245,'Veg');
INSERT INTO ITEM(item_name,price,type) VALUES('Caesar Salad',245,'Veg');
INSERT INTO ITEM(item_name,price,type) VALUES('Cataplana Algarve',245,'Veg');
INSERT INTO ITEM(item_name,price,type) VALUES('Chicken Wrap',245,'Non-Veg');
INSERT INTO ITEM(item_name,price,type) VALUES('Garlic Bread',270,'Veg');
INSERT INTO ITEM(item_name,price,type) VALUES('pizza',200,'Non-Veg');
INSERT INTO ITEM(item_name,price,type) VALUES('pizza',300,'Veg');
INSERT INTO ITEM(item_name,price,type) VALUES('kabab',300,'Non-Veg');
INSERT INTO ITEM(item_name,price,type) VALUES('chapati',20,'Veg');
INSERT INTO ITEM(item_name,price,type) VALUES('chiken burger',100,'Non-Veg');
INSERT INTO ITEM(item_name,price,type) VALUES('tea',20,'Veg');
INSERT INTO ITEM(item_name,price,type) VALUES('coffee',50,'Veg');
INSERT INTO ITEM(item_name,price,type) VALUES('hot chocolate',250,'Veg');
INSERT INTO ITEM(item_name,price,type) VALUES('vanilla icecream',230,'Veg');
INSERT INTO ITEM(item_name,price,type) VALUES('chocolate icecream',240,'Veg');
INSERT INTO ITEM(item_name,price,type) VALUES('coke',100,'Veg');
INSERT INTO ITEM(item_name,price,type) VALUES('brownie',100,'Veg');
INSERT INTO ITEM(item_name,price,type) VALUES('pastry',210,'Veg');
INSERT INTO ITEM(item_name,price,type) VALUES('pasta',270,'Veg');
INSERT INTO ITEM(item_name,price,type) VALUES('macroni',130,'Veg');
INSERT INTO ITEM(item_name,price,type) VALUES('coke',190,'Veg');
INSERT INTO ITEM(item_name,price,type) VALUES('naan',30,'Veg');
INSERT INTO ITEM(item_name,price,type) VALUES('chicken chillie',300,'Non-Veg');
INSERT INTO ITEM(item_name,price,type) VALUES('coke',40,'Veg');
INSERT INTO ITEM(item_name,price,type) VALUES('paratha',500,'Non-Veg');
INSERT INTO ITEM(item_name,price,type) VALUES('matar paneer',270,'Veg');
INSERT INTO ITEM(item_name,price,type) VALUES('chillie paneer',280,'Veg');
INSERT INTO ITEM(item_name,price,type) VALUES('butter paneer',190,'Veg');
INSERT INTO ITEM(item_name,price,type) VALUES('chole bhathure',180,'Veg');
INSERT INTO ITEM(item_name,price,type) VALUES('chillie chowmine',210,'Non-Veg');
INSERT INTO ITEM(item_name,price,type) VALUES('hakka noodles',204,'Non-Veg');
INSERT INTO ITEM(item_name,price,type) VALUES('fried rice',206,'Veg');
INSERT INTO ITEM(item_name,price,type) VALUES('chicken rice',209,'Non-Veg');
INSERT INTO ITEM(item_name,price,type) VALUES('veg biryani',203,'Veg');
INSERT INTO ITEM(item_name,price,type) VALUES('chicken biryani',245,'Non-Veg');
INSERT INTO ITEM(item_name,price,type) VALUES('pasta',270,'Veg');
INSERT INTO ITEM(item_name,price,type) VALUES('3 chicken wings',250,'Non-Veg');
INSERT INTO ITEM(item_name,price,type) VALUES('Chicken Roll',150,'Non-Veg');
INSERT INTO ITEM(item_name,price,type) VALUES('Spicy Mixed Olives',300,'Veg');
INSERT INTO ITEM(item_name,price,type) VALUES('Hummus with PERI-PERI Drizzle',140,'Veg');
INSERT INTO ITEM(item_name,price,type) VALUES('Red Pepper Dip',50,'Veg');
INSERT INTO ITEM(item_name,price,type) VALUES('Corn-On-The-Cob',270,'Veg');
INSERT INTO ITEM(item_name,price,type) VALUES('Peri-peri chicken',280,'Non-Veg');
INSERT INTO ITEM(item_name,price,type) VALUES('Wing Roulette',190,'Non-Veg');
INSERT INTO ITEM(item_name,price,type) VALUES('Chicken Butterfly',180,'Non-Veg');
INSERT INTO ITEM(item_name,price,type) VALUES('Espetada',210,'Non-Veg');
INSERT INTO ITEM(item_name,price,type) VALUES('Espetada Carnival',204,'Non-Veg');
INSERT INTO ITEM(item_name,price,type) VALUES('Spicy Rice',206,'Veg');
INSERT INTO ITEM(item_name,price,type) VALUES('Grilled Chicken Tenders',209,'Non-Veg');
INSERT INTO ITEM(item_name,price,type) VALUES('Grilled Veg',203,'Veg');
INSERT INTO ITEM(item_name,price,type) VALUES('Portuguese Salad',245,'Veg');
INSERT INTO ITEM(item_name,price,type) VALUES('Mediterranean Salad',245,'Veg');
INSERT INTO ITEM(item_name,price,type) VALUES('Caesar Salad',245,'Veg');
INSERT INTO ITEM(item_name,price,type) VALUES('Cataplana Algarve',245,'Veg');
INSERT INTO ITEM(item_name,price,type) VALUES('Chicken Wrap',245,'Non-Veg');
INSERT INTO ITEM(item_name,price,type) VALUES('Garlic Bread',270,'Veg');



INSERT INTO CATEGORY(category_name) VALUES('Italian');
INSERT INTO CATEGORY(category_name) VALUES('Indian');
INSERT INTO CATEGORY(category_name) VALUES('Snacks');
INSERT INTO CATEGORY(category_name) VALUES('Drinks');
INSERT INTO CATEGORY(category_name) VALUES('Sweet Dish');
INSERT INTO CATEGORY(category_name) VALUES('Chinese');
INSERT INTO CATEGORY(category_name) VALUES('Continental');

INSERT INTO CATEGORY_ITEM(item_id,category_id) VALUES(1,1);
INSERT INTO CATEGORY_ITEM(item_id,category_id) VALUES(2,1);
INSERT INTO CATEGORY_ITEM(item_id,category_id) VALUES(1,7);
INSERT INTO CATEGORY_ITEM(item_id,category_id) VALUES(2,7);
INSERT INTO CATEGORY_ITEM(item_id,category_id) VALUES(3,2);
INSERT INTO CATEGORY_ITEM(item_id,category_id) VALUES(4,2);
INSERT INTO CATEGORY_ITEM(item_id,category_id) VALUES(5,2);
INSERT INTO CATEGORY_ITEM(item_id,category_id) VALUES(6,4);
INSERT INTO CATEGORY_ITEM(item_id,category_id) VALUES(7,4);
INSERT INTO CATEGORY_ITEM(item_id,category_id) VALUES(8,4);
INSERT INTO CATEGORY_ITEM(item_id,category_id) VALUES(9,5);
INSERT INTO CATEGORY_ITEM(item_id,category_id) VALUES(10,5);
INSERT INTO CATEGORY_ITEM(item_id,category_id) VALUES(11,4);
INSERT INTO CATEGORY_ITEM(item_id,category_id) VALUES(12,2);
INSERT INTO CATEGORY_ITEM(item_id,category_id) VALUES(13,2);
INSERT INTO CATEGORY_ITEM(item_id,category_id) VALUES(14,2);
INSERT INTO CATEGORY_ITEM(item_id,category_id) VALUES(15,2);
INSERT INTO CATEGORY_ITEM(item_id,category_id) VALUES(16,4);
INSERT INTO CATEGORY_ITEM(item_id,category_id) VALUES(17,2);
INSERT INTO CATEGORY_ITEM(item_id,category_id) VALUES(18,2);
INSERT INTO CATEGORY_ITEM(item_id,category_id) VALUES(19,4);
INSERT INTO CATEGORY_ITEM(item_id,category_id) VALUES(20,2);
INSERT INTO CATEGORY_ITEM(item_id,category_id) VALUES(21,2);
INSERT INTO CATEGORY_ITEM(item_id,category_id) VALUES(22,2);
INSERT INTO CATEGORY_ITEM(item_id,category_id) VALUES(23,2);
INSERT INTO CATEGORY_ITEM(item_id,category_id) VALUES(24,2);
INSERT INTO CATEGORY_ITEM(item_id,category_id) VALUES(25,6);
INSERT INTO CATEGORY_ITEM(item_id,category_id) VALUES(26,6);
INSERT INTO CATEGORY_ITEM(item_id,category_id) VALUES(27,6);
INSERT INTO CATEGORY_ITEM(item_id,category_id) VALUES(28,6);
INSERT INTO CATEGORY_ITEM(item_id,category_id) VALUES(29,2);
INSERT INTO CATEGORY_ITEM(item_id,category_id) VALUES(30,2);
INSERT INTO CATEGORY_ITEM(item_id,category_id) VALUES(31,1);
INSERT INTO CATEGORY_ITEM(item_id,category_id) VALUES(32,3);
INSERT INTO CATEGORY_ITEM(item_id,category_id) VALUES(33,3);
INSERT INTO CATEGORY_ITEM(item_id,category_id) VALUES(34,3);
INSERT INTO CATEGORY_ITEM(item_id,category_id) VALUES(35,3);
INSERT INTO CATEGORY_ITEM(item_id,category_id) VALUES(36,3);
INSERT INTO CATEGORY_ITEM(item_id,category_id) VALUES(37,3);
INSERT INTO CATEGORY_ITEM(item_id,category_id) VALUES(38,2);
INSERT INTO CATEGORY_ITEM(item_id,category_id) VALUES(39,6);
INSERT INTO CATEGORY_ITEM(item_id,category_id) VALUES(40,7);
INSERT INTO CATEGORY_ITEM(item_id,category_id) VALUES(41,6);
INSERT INTO CATEGORY_ITEM(item_id,category_id) VALUES(42,7);
INSERT INTO CATEGORY_ITEM(item_id,category_id) VALUES(43,7);
INSERT INTO CATEGORY_ITEM(item_id,category_id) VALUES(44,7);
INSERT INTO CATEGORY_ITEM(item_id,category_id) VALUES(45,7);
INSERT INTO CATEGORY_ITEM(item_id,category_id) VALUES(46,3);
INSERT INTO CATEGORY_ITEM(item_id,category_id) VALUES(47,1);
INSERT INTO CATEGORY_ITEM(item_id,category_id) VALUES(48,3);
INSERT INTO CATEGORY_ITEM(item_id,category_id) VALUES(49,2);
INSERT INTO CATEGORY_ITEM(item_id,category_id) VALUES(50,2);
INSERT INTO CATEGORY_ITEM(item_id,category_id) VALUES(51,2);
INSERT INTO CATEGORY_ITEM(item_id,category_id) VALUES(52,1);
INSERT INTO CATEGORY_ITEM(item_id,category_id) VALUES(53,1);
INSERT INTO CATEGORY_ITEM(item_id,category_id) VALUES(54,2);
INSERT INTO CATEGORY_ITEM(item_id,category_id) VALUES(55,2);
INSERT INTO CATEGORY_ITEM(item_id,category_id) VALUES(56,2);
INSERT INTO CATEGORY_ITEM(item_id,category_id) VALUES(57,2);
INSERT INTO CATEGORY_ITEM(item_id,category_id) VALUES(58,2);
INSERT INTO CATEGORY_ITEM(item_id,category_id) VALUES(59,2);
INSERT INTO CATEGORY_ITEM(item_id,category_id) VALUES(60,2);
INSERT INTO CATEGORY_ITEM(item_id,category_id) VALUES(61,6);
INSERT INTO CATEGORY_ITEM(item_id,category_id) VALUES(62,6);
INSERT INTO CATEGORY_ITEM(item_id,category_id) VALUES(63,6);
INSERT INTO CATEGORY_ITEM(item_id,category_id) VALUES(64,6);
INSERT INTO CATEGORY_ITEM(item_id,category_id) VALUES(65,2);
INSERT INTO CATEGORY_ITEM(item_id,category_id) VALUES(66,2);
INSERT INTO CATEGORY_ITEM(item_id,category_id) VALUES(67,1);
INSERT INTO CATEGORY_ITEM(item_id,category_id) VALUES(68,3);
INSERT INTO CATEGORY_ITEM(item_id,category_id) VALUES(69,3);
INSERT INTO CATEGORY_ITEM(item_id,category_id) VALUES(70,3);
INSERT INTO CATEGORY_ITEM(item_id,category_id) VALUES(71,3);
INSERT INTO CATEGORY_ITEM(item_id,category_id) VALUES(72,3);
INSERT INTO CATEGORY_ITEM(item_id,category_id) VALUES(73,3);
INSERT INTO CATEGORY_ITEM(item_id,category_id) VALUES(74,5);
INSERT INTO CATEGORY_ITEM(item_id,category_id) VALUES(75,6);
INSERT INTO CATEGORY_ITEM(item_id,category_id) VALUES(76,5);
INSERT INTO CATEGORY_ITEM(item_id,category_id) VALUES(77,6);
INSERT INTO CATEGORY_ITEM(item_id,category_id) VALUES(78,7);
INSERT INTO CATEGORY_ITEM(item_id,category_id) VALUES(79,7);
INSERT INTO CATEGORY_ITEM(item_id,category_id) VALUES(80,7);
INSERT INTO CATEGORY_ITEM(item_id,category_id) VALUES(81,7);
INSERT INTO CATEGORY_ITEM(item_id,category_id) VALUES(82,3);
INSERT INTO CATEGORY_ITEM(item_id,category_id) VALUES(83,2);
INSERT INTO CATEGORY_ITEM(item_id,category_id) VALUES(84,3);
INSERT INTO CATEGORY_ITEM(item_id,category_id) VALUES(85,2);
INSERT INTO CATEGORY_ITEM(item_id,category_id) VALUES(86,2);
INSERT INTO CATEGORY_ITEM(item_id,category_id) VALUES(87,2);
INSERT INTO CATEGORY_ITEM(item_id,category_id) VALUES(88,2);
INSERT INTO CATEGORY_ITEM(item_id,category_id) VALUES(89,3);
INSERT INTO CATEGORY_ITEM(item_id,category_id) VALUES(90,2);
INSERT INTO CATEGORY_ITEM(item_id,category_id) VALUES(91,2);
INSERT INTO CATEGORY_ITEM(item_id,category_id) VALUES(92,3);
INSERT INTO CATEGORY_ITEM(item_id,category_id) VALUES(93,2);
INSERT INTO CATEGORY_ITEM(item_id,category_id) VALUES(94,2);
INSERT INTO CATEGORY_ITEM(item_id,category_id) VALUES(95,2);
INSERT INTO CATEGORY_ITEM(item_id,category_id) VALUES(96,2);
INSERT INTO CATEGORY_ITEM(item_id,category_id) VALUES(97,2);
INSERT INTO CATEGORY_ITEM(item_id,category_id) VALUES(98,6);
INSERT INTO CATEGORY_ITEM(item_id,category_id) VALUES(99,6);
INSERT INTO CATEGORY_ITEM(item_id,category_id) VALUES(100,6);
INSERT INTO CATEGORY_ITEM(item_id,category_id) VALUES(101,6);
INSERT INTO CATEGORY_ITEM(item_id,category_id) VALUES(102,2);
INSERT INTO CATEGORY_ITEM(item_id,category_id) VALUES(61,7);
INSERT INTO CATEGORY_ITEM(item_id,category_id) VALUES(62,7);
INSERT INTO CATEGORY_ITEM(item_id,category_id) VALUES(63,1);
INSERT INTO CATEGORY_ITEM(item_id,category_id) VALUES(64,2);
INSERT INTO CATEGORY_ITEM(item_id,category_id) VALUES(65,3);
INSERT INTO CATEGORY_ITEM(item_id,category_id) VALUES(66,1);
INSERT INTO CATEGORY_ITEM(item_id,category_id) VALUES(67,3);
INSERT INTO CATEGORY_ITEM(item_id,category_id) VALUES(68,7);
INSERT INTO CATEGORY_ITEM(item_id,category_id) VALUES(69,2);
INSERT INTO CATEGORY_ITEM(item_id,category_id) VALUES(70,1);
INSERT INTO CATEGORY_ITEM(item_id,category_id) VALUES(71,2);
INSERT INTO CATEGORY_ITEM(item_id,category_id) VALUES(72,7);
INSERT INTO CATEGORY_ITEM(item_id,category_id) VALUES(73,2);
INSERT INTO CATEGORY_ITEM(item_id,category_id) VALUES(74,1);
INSERT INTO CATEGORY_ITEM(item_id,category_id) VALUES(75,7);
INSERT INTO CATEGORY_ITEM(item_id,category_id) VALUES(76,7);
INSERT INTO CATEGORY_ITEM(item_id,category_id) VALUES(77,1);
INSERT INTO CATEGORY_ITEM(item_id,category_id) VALUES(78,2);
INSERT INTO CATEGORY_ITEM(item_id,category_id) VALUES(79,3);
INSERT INTO CATEGORY_ITEM(item_id,category_id) VALUES(80,1);
INSERT INTO CATEGORY_ITEM(item_id,category_id) VALUES(81,7);
INSERT INTO CATEGORY_ITEM(item_id,category_id) VALUES(82,1);
INSERT INTO CATEGORY_ITEM(item_id,category_id) VALUES(83,7);
INSERT INTO CATEGORY_ITEM(item_id,category_id) VALUES(84,1);
INSERT INTO CATEGORY_ITEM(item_id,category_id) VALUES(85,3);
INSERT INTO CATEGORY_ITEM(item_id,category_id) VALUES(86,7);
INSERT INTO CATEGORY_ITEM(item_id,category_id) VALUES(87,1);
INSERT INTO CATEGORY_ITEM(item_id,category_id) VALUES(88,3);
INSERT INTO CATEGORY_ITEM(item_id,category_id) VALUES(89,7);
INSERT INTO CATEGORY_ITEM(item_id,category_id) VALUES(90,1);
INSERT INTO CATEGORY_ITEM(item_id,category_id) VALUES(91,3);
INSERT INTO CATEGORY_ITEM(item_id,category_id) VALUES(92,1);
INSERT INTO CATEGORY_ITEM(item_id,category_id) VALUES(93,3);
INSERT INTO CATEGORY_ITEM(item_id,category_id) VALUES(94,7);
INSERT INTO CATEGORY_ITEM(item_id,category_id) VALUES(95,7);
INSERT INTO CATEGORY_ITEM(item_id,category_id) VALUES(96,7);
INSERT INTO CATEGORY_ITEM(item_id,category_id) VALUES(97,7);
INSERT INTO CATEGORY_ITEM(item_id,category_id) VALUES(98,1);
INSERT INTO CATEGORY_ITEM(item_id,category_id) VALUES(99,7);
INSERT INTO CATEGORY_ITEM(item_id,category_id) VALUES(100,1);
INSERT INTO CATEGORY_ITEM(item_id,category_id) VALUES(101,7);
INSERT INTO CATEGORY_ITEM(item_id,category_id) VALUES(22,7);
INSERT INTO CATEGORY_ITEM(item_id,category_id) VALUES(26,7);
INSERT INTO CATEGORY_ITEM(item_id,category_id) VALUES(101,2);
INSERT INTO CATEGORY_ITEM(item_id,category_id) VALUES(102,7);


INSERT INTO COUPON(coupon_name,percent) VALUES('NEW30',30);
INSERT INTO COUPON(coupon_name,percent) VALUES('BEST20',20);
INSERT INTO COUPON(coupon_name,percent) VALUES('FLAT50',50);
INSERT INTO COUPON(coupon_name,percent) VALUES('FLAT30',30);

INSERT INTO PAYMENT(payment_name) VALUES('Cash on Delivery');
INSERT INTO PAYMENT(payment_name) VALUES('Wallet');
INSERT INTO PAYMENT(payment_name) VALUES('Net Banking');
INSERT INTO PAYMENT(payment_name) VALUES('COD');
INSERT INTO PAYMENT(payment_name) VALUES('Debit/Credit Card');


INSERT INTO RESTAURANT_CATEGORY(restaurant_id,category_id) VALUES(1,1);
INSERT INTO RESTAURANT_CATEGORY(restaurant_id,category_id) VALUES(1,2);
INSERT INTO RESTAURANT_CATEGORY(restaurant_id,category_id) VALUES(1,3);
INSERT INTO RESTAURANT_CATEGORY(restaurant_id,category_id) VALUES(1,5);
INSERT INTO RESTAURANT_CATEGORY(restaurant_id,category_id) VALUES(1,6);
INSERT INTO RESTAURANT_CATEGORY(restaurant_id,category_id) VALUES(1,7);
INSERT INTO RESTAURANT_CATEGORY(restaurant_id,category_id) VALUES(2,1);
INSERT INTO RESTAURANT_CATEGORY(restaurant_id,category_id) VALUES(2,2);
INSERT INTO RESTAURANT_CATEGORY(restaurant_id,category_id) VALUES(2,3);
INSERT INTO RESTAURANT_CATEGORY(restaurant_id,category_id) VALUES(2,4);
INSERT INTO RESTAURANT_CATEGORY(restaurant_id,category_id) VALUES(2,5);
INSERT INTO RESTAURANT_CATEGORY(restaurant_id,category_id) VALUES(2,6);
INSERT INTO RESTAURANT_CATEGORY(restaurant_id,category_id) VALUES(2,7);
INSERT INTO RESTAURANT_CATEGORY(restaurant_id,category_id) VALUES(3,1);
INSERT INTO RESTAURANT_CATEGORY(restaurant_id,category_id) VALUES(3,2);
INSERT INTO RESTAURANT_CATEGORY(restaurant_id,category_id) VALUES(3,3);
INSERT INTO RESTAURANT_CATEGORY(restaurant_id,category_id) VALUES(3,4);
INSERT INTO RESTAURANT_CATEGORY(restaurant_id,category_id) VALUES(3,6);
INSERT INTO RESTAURANT_CATEGORY(restaurant_id,category_id) VALUES(3,7);
INSERT INTO RESTAURANT_CATEGORY(restaurant_id,category_id) VALUES(4,2);
INSERT INTO RESTAURANT_CATEGORY(restaurant_id,category_id) VALUES(4,3);
INSERT INTO RESTAURANT_CATEGORY(restaurant_id,category_id) VALUES(4,4);
INSERT INTO RESTAURANT_CATEGORY(restaurant_id,category_id) VALUES(4,6);
INSERT INTO RESTAURANT_CATEGORY(restaurant_id,category_id) VALUES(4,7);
INSERT INTO RESTAURANT_CATEGORY(restaurant_id,category_id) VALUES(5,5);
INSERT INTO RESTAURANT_CATEGORY(restaurant_id,category_id) VALUES(5,6);
INSERT INTO RESTAURANT_CATEGORY(restaurant_id,category_id) VALUES(5,7);
INSERT INTO RESTAURANT_CATEGORY(restaurant_id,category_id) VALUES(5,1);
INSERT INTO RESTAURANT_CATEGORY(restaurant_id,category_id) VALUES(5,2);
INSERT INTO RESTAURANT_CATEGORY(restaurant_id,category_id) VALUES(5,3);
INSERT INTO RESTAURANT_CATEGORY(restaurant_id,category_id) VALUES(6,1);
INSERT INTO RESTAURANT_CATEGORY(restaurant_id,category_id) VALUES(6,2);
INSERT INTO RESTAURANT_CATEGORY(restaurant_id,category_id) VALUES(6,3);
INSERT INTO RESTAURANT_CATEGORY(restaurant_id,category_id) VALUES(6,6);
INSERT INTO RESTAURANT_CATEGORY(restaurant_id,category_id) VALUES(6,7);
INSERT INTO RESTAURANT_CATEGORY(restaurant_id,category_id) VALUES(7,1);
INSERT INTO RESTAURANT_CATEGORY(restaurant_id,category_id) VALUES(7,2);
INSERT INTO RESTAURANT_CATEGORY(restaurant_id,category_id) VALUES(7,3);
INSERT INTO RESTAURANT_CATEGORY(restaurant_id,category_id) VALUES(7,5);
INSERT INTO RESTAURANT_CATEGORY(restaurant_id,category_id) VALUES(7,6);
INSERT INTO RESTAURANT_CATEGORY(restaurant_id,category_id) VALUES(7,7);
INSERT INTO RESTAURANT_CATEGORY(restaurant_id,category_id) VALUES(8,2);
INSERT INTO RESTAURANT_CATEGORY(restaurant_id,category_id) VALUES(8,3);
INSERT INTO RESTAURANT_CATEGORY(restaurant_id,category_id) VALUES(8,1);
INSERT INTO RESTAURANT_CATEGORY(restaurant_id,category_id) VALUES(8,6);
INSERT INTO RESTAURANT_CATEGORY(restaurant_id,category_id) VALUES(8,7);


INSERT INTO RESTAURANT_ITEM(item_id,restaurant_id) VALUES(1,1);
INSERT INTO RESTAURANT_ITEM(item_id,restaurant_id) VALUES(2,2);
INSERT INTO RESTAURANT_ITEM(item_id,restaurant_id) VALUES(3,3);
INSERT INTO RESTAURANT_ITEM(item_id,restaurant_id) VALUES(4,4);
INSERT INTO RESTAURANT_ITEM(item_id,restaurant_id) VALUES(5,1);
INSERT INTO RESTAURANT_ITEM(item_id,restaurant_id) VALUES(6,2);
INSERT INTO RESTAURANT_ITEM(item_id,restaurant_id) VALUES(7,3);
INSERT INTO RESTAURANT_ITEM(item_id,restaurant_id) VALUES(8,4);
INSERT INTO RESTAURANT_ITEM(item_id,restaurant_id) VALUES(9,1);
INSERT INTO RESTAURANT_ITEM(item_id,restaurant_id) VALUES(10,2);
INSERT INTO RESTAURANT_ITEM(item_id,restaurant_id) VALUES(11,3);
INSERT INTO RESTAURANT_ITEM(item_id,restaurant_id) VALUES(12,4);
INSERT INTO RESTAURANT_ITEM(item_id,restaurant_id) VALUES(13,1);
INSERT INTO RESTAURANT_ITEM(item_id,restaurant_id) VALUES(14,2);
INSERT INTO RESTAURANT_ITEM(item_id,restaurant_id) VALUES(15,3);
INSERT INTO RESTAURANT_ITEM(item_id,restaurant_id) VALUES(16,4);
INSERT INTO RESTAURANT_ITEM(item_id,restaurant_id) VALUES(17,1);
INSERT INTO RESTAURANT_ITEM(item_id,restaurant_id) VALUES(18,2);
INSERT INTO RESTAURANT_ITEM(item_id,restaurant_id) VALUES(19,3);
INSERT INTO RESTAURANT_ITEM(item_id,restaurant_id) VALUES(20,4);
INSERT INTO RESTAURANT_ITEM(item_id,restaurant_id) VALUES(21,1);
INSERT INTO RESTAURANT_ITEM(item_id,restaurant_id) VALUES(22,2);
INSERT INTO RESTAURANT_ITEM(item_id,restaurant_id) VALUES(23,3);
INSERT INTO RESTAURANT_ITEM(item_id,restaurant_id) VALUES(24,4);
INSERT INTO RESTAURANT_ITEM(item_id,restaurant_id) VALUES(25,1);
INSERT INTO RESTAURANT_ITEM(item_id,restaurant_id) VALUES(26,2);
INSERT INTO RESTAURANT_ITEM(item_id,restaurant_id) VALUES(27,3);
INSERT INTO RESTAURANT_ITEM(item_id,restaurant_id) VALUES(28,4);
INSERT INTO RESTAURANT_ITEM(item_id,restaurant_id) VALUES(29,1);
INSERT INTO RESTAURANT_ITEM(item_id,restaurant_id) VALUES(30,2);
INSERT INTO RESTAURANT_ITEM(item_id,restaurant_id) VALUES(31,3);
INSERT INTO RESTAURANT_ITEM(item_id,restaurant_id) VALUES(32,4);
INSERT INTO RESTAURANT_ITEM(item_id,restaurant_id) VALUES(33,1);
INSERT INTO RESTAURANT_ITEM(item_id,restaurant_id) VALUES(34,2);
INSERT INTO RESTAURANT_ITEM(item_id,restaurant_id) VALUES(35,3);
INSERT INTO RESTAURANT_ITEM(item_id,restaurant_id) VALUES(36,4);
INSERT INTO RESTAURANT_ITEM(item_id,restaurant_id) VALUES(37,1);
INSERT INTO RESTAURANT_ITEM(item_id,restaurant_id) VALUES(38,2);
INSERT INTO RESTAURANT_ITEM(item_id,restaurant_id) VALUES(39,3);
INSERT INTO RESTAURANT_ITEM(item_id,restaurant_id) VALUES(40,4);
INSERT INTO RESTAURANT_ITEM(item_id,restaurant_id) VALUES(41,1);
INSERT INTO RESTAURANT_ITEM(item_id,restaurant_id) VALUES(42,2);
INSERT INTO RESTAURANT_ITEM(item_id,restaurant_id) VALUES(43,3);
INSERT INTO RESTAURANT_ITEM(item_id,restaurant_id) VALUES(44,4);
INSERT INTO RESTAURANT_ITEM(item_id,restaurant_id) VALUES(45,1);
INSERT INTO RESTAURANT_ITEM(item_id,restaurant_id) VALUES(46,2);
INSERT INTO RESTAURANT_ITEM(item_id,restaurant_id) VALUES(47,3);
INSERT INTO RESTAURANT_ITEM(item_id,restaurant_id) VALUES(48,4);
INSERT INTO RESTAURANT_ITEM(item_id,restaurant_id) VALUES(49,1);
INSERT INTO RESTAURANT_ITEM(item_id,restaurant_id) VALUES(50,2);
INSERT INTO RESTAURANT_ITEM(item_id,restaurant_id) VALUES(51,3);
INSERT INTO RESTAURANT_ITEM(item_id,restaurant_id) VALUES(52,5);
INSERT INTO RESTAURANT_ITEM(item_id,restaurant_id) VALUES(53,6);
INSERT INTO RESTAURANT_ITEM(item_id,restaurant_id) VALUES(54,7);
INSERT INTO RESTAURANT_ITEM(item_id,restaurant_id) VALUES(55,8);
INSERT INTO RESTAURANT_ITEM(item_id,restaurant_id) VALUES(56,5);
INSERT INTO RESTAURANT_ITEM(item_id,restaurant_id) VALUES(57,6);
INSERT INTO RESTAURANT_ITEM(item_id,restaurant_id) VALUES(58,7);
INSERT INTO RESTAURANT_ITEM(item_id,restaurant_id) VALUES(59,8);
INSERT INTO RESTAURANT_ITEM(item_id,restaurant_id) VALUES(60,5);
INSERT INTO RESTAURANT_ITEM(item_id,restaurant_id) VALUES(61,6);
INSERT INTO RESTAURANT_ITEM(item_id,restaurant_id) VALUES(62,7);
INSERT INTO RESTAURANT_ITEM(item_id,restaurant_id) VALUES(63,8);
INSERT INTO RESTAURANT_ITEM(item_id,restaurant_id) VALUES(64,5);
INSERT INTO RESTAURANT_ITEM(item_id,restaurant_id) VALUES(65,6);
INSERT INTO RESTAURANT_ITEM(item_id,restaurant_id) VALUES(66,7);
INSERT INTO RESTAURANT_ITEM(item_id,restaurant_id) VALUES(67,8);
INSERT INTO RESTAURANT_ITEM(item_id,restaurant_id) VALUES(68,5);
INSERT INTO RESTAURANT_ITEM(item_id,restaurant_id) VALUES(69,6);
INSERT INTO RESTAURANT_ITEM(item_id,restaurant_id) VALUES(70,7);
INSERT INTO RESTAURANT_ITEM(item_id,restaurant_id) VALUES(71,8);
INSERT INTO RESTAURANT_ITEM(item_id,restaurant_id) VALUES(72,5);
INSERT INTO RESTAURANT_ITEM(item_id,restaurant_id) VALUES(73,6);
INSERT INTO RESTAURANT_ITEM(item_id,restaurant_id) VALUES(74,7);
INSERT INTO RESTAURANT_ITEM(item_id,restaurant_id) VALUES(75,8);
INSERT INTO RESTAURANT_ITEM(item_id,restaurant_id) VALUES(76,5);
INSERT INTO RESTAURANT_ITEM(item_id,restaurant_id) VALUES(77,6);
INSERT INTO RESTAURANT_ITEM(item_id,restaurant_id) VALUES(78,7);
INSERT INTO RESTAURANT_ITEM(item_id,restaurant_id) VALUES(79,8);
INSERT INTO RESTAURANT_ITEM(item_id,restaurant_id) VALUES(80,5);
INSERT INTO RESTAURANT_ITEM(item_id,restaurant_id) VALUES(81,6);
INSERT INTO RESTAURANT_ITEM(item_id,restaurant_id) VALUES(82,7);
INSERT INTO RESTAURANT_ITEM(item_id,restaurant_id) VALUES(83,8);
INSERT INTO RESTAURANT_ITEM(item_id,restaurant_id) VALUES(84,5);
INSERT INTO RESTAURANT_ITEM(item_id,restaurant_id) VALUES(85,6);
INSERT INTO RESTAURANT_ITEM(item_id,restaurant_id) VALUES(86,7);
INSERT INTO RESTAURANT_ITEM(item_id,restaurant_id) VALUES(87,8);
INSERT INTO RESTAURANT_ITEM(item_id,restaurant_id) VALUES(88,5);
INSERT INTO RESTAURANT_ITEM(item_id,restaurant_id) VALUES(89,6);
INSERT INTO RESTAURANT_ITEM(item_id,restaurant_id) VALUES(90,7);
INSERT INTO RESTAURANT_ITEM(item_id,restaurant_id) VALUES(91,8);
INSERT INTO RESTAURANT_ITEM(item_id,restaurant_id) VALUES(92,5);
INSERT INTO RESTAURANT_ITEM(item_id,restaurant_id) VALUES(93,6);
INSERT INTO RESTAURANT_ITEM(item_id,restaurant_id) VALUES(94,7);
INSERT INTO RESTAURANT_ITEM(item_id,restaurant_id) VALUES(95,8);
INSERT INTO RESTAURANT_ITEM(item_id,restaurant_id) VALUES(96,5);
INSERT INTO RESTAURANT_ITEM(item_id,restaurant_id) VALUES(97,6);
INSERT INTO RESTAURANT_ITEM(item_id,restaurant_id) VALUES(98,7);
INSERT INTO RESTAURANT_ITEM(item_id,restaurant_id) VALUES(99,8);
INSERT INTO RESTAURANT_ITEM(item_id,restaurant_id) VALUES(100,5);
INSERT INTO RESTAURANT_ITEM(item_id,restaurant_id) VALUES(101,6);
INSERT INTO RESTAURANT_ITEM(item_id,restaurant_id) VALUES(102,7);

